,City,Country,Date,Latitude,Longtitude,Cloudiness,Humidity,Max Temp,Wind Speed
0,Alta Floresta,BR,1619373230,-9.8756,-56.0861,75,94,300.15,1.54
1,Sur,OM,1619373231,22.5667,59.5289,0,42,303.26,3.59
2,Rikitea,PF,1619372962,-23.1203,-134.9692,80,75,298.51,3.36
3,Puerto Ayora,EC,1619372690,-0.7393,-90.3518,20,65,301.15,8.23
4,Kelowna,CA,1619372981,49.8831,-119.4857,75,81,283.15,2.57
5,Touros,BR,1619373231,-5.1989,-35.4608,40,66,303.15,6.69
6,Havelock,US,1619372996,34.8791,-76.9013,80,67,293.71,2.68
7,Okha,RU,1619373232,53.5739,142.9478,6,88,266.33,1.96
8,Ixtapa,MX,1619373232,20.7,-105.2,20,57,301.15,3.6
9,Ţahţā,EG,1619372982,26.7693,31.5021,0,6,309.15,3.09
10,Santiago del Estero,AR,1619373233,-27.7951,-64.2615,0,37,296.88,2.7
11,Kavieng,PG,1619373225,-2.5744,150.7967,95,77,300.51,1.71
12,Tateyama,JP,1619373233,34.9833,139.8667,75,54,286.15,7.72
13,Iquique,CL,1619372979,-20.2208,-70.1431,0,46,295.15,7.72
14,Mount Isa,AU,1619373009,-20.7333,139.5,26,53,295.15,1.03
15,Souillac,MU,1619373004,-20.5167,57.5167,75,88,298.15,5.66
16,Camaquã,BR,1619373234,-30.8511,-51.8122,92,69,293.47,2.78
17,Cacimba de Dentro,BR,1619373234,-6.6417,-35.79,58,46,302.59,4.87
18,Chui,UY,1619372958,-33.6971,-53.4616,18,55,293.55,6.54
19,Codrington,AU,1619373017,-38.2667,141.9667,56,86,284.88,2.37
20,Saint George,US,1619373055,37.1041,-113.5841,1,16,298.71,13.89
21,Butaritari,KI,1619373029,3.0707,172.7902,23,77,300.87,5.35
22,Qaanaaq,GL,1619372950,77.484,-69.3632,87,74,272.91,1.29
23,Arrondissement de Montauban,FR,1619373235,44.0833,1.5,0,48,291.48,5.14
24,Ust'-Kut,RU,1619373235,56.7938,105.7672,100,98,270.03,1.59
25,Kavaratti,IN,1619372758,10.5669,72.642,5,71,302.26,4.17
26,Bluff,NZ,1619372914,-46.6,168.3333,78,84,278.71,2.68
27,Richards Bay,ZA,1619373236,-28.783,32.0377,0,86,292.83,1.05
28,Longyearbyen,SJ,1619372969,78.2186,15.6401,40,63,267.15,8.23
29,Jamestown,US,1619372849,42.097,-79.2353,90,81,283.15,5.14
30,Beringovskiy,RU,1619372867,63.05,179.3167,99,88,272.24,1.18
31,Bengkulu,ID,1619372966,-3.8004,102.2655,98,86,298.25,2.09
32,Atuona,PF,1619372858,-9.8,-139.0333,69,71,299.9,7.42
33,Faanui,PF,1619373007,-16.4833,-151.75,7,65,300.17,1.62
34,New Norfolk,AU,1619372966,-42.7826,147.0587,96,80,285.93,0.89
35,Paamiut,GL,1619373237,61.994,-49.6678,99,93,276.07,2.5
36,Hilo,US,1619372910,19.7297,-155.09,90,83,293.15,1.54
37,Khatanga,RU,1619372877,71.9667,102.5,87,84,258.57,8.06
38,Bone,DE,1619373238,51.9669,12.1396,70,39,282.04,1.79
39,Nālūt,LY,1619373238,30.3333,10.85,43,16,300.58,5.1
40,Tuatapere,NZ,1619372917,-46.1333,167.6833,57,84,278.71,2.68
41,Los Llanos de Aridane,ES,1619373001,28.6585,-17.9182,75,60,294.15,5.12
42,Faya,SA,1619373065,18.3851,42.4509,40,59,290.15,3.6
43,Zhuangyuan,CN,1619373239,37.2975,120.8256,100,47,284.12,0.77
44,Coquimbo,CL,1619372899,-29.9533,-71.3436,20,72,290.15,5.14
45,Lethem,GY,1619373205,3.3803,-59.7968,100,66,301.61,3.37
46,Chicama,PE,1619373239,-7.8447,-79.1469,60,77,293.15,4.12
47,Nanortalik,GL,1619373052,60.1432,-45.2371,100,72,279.18,6.81
48,Pevek,RU,1619372980,69.7008,170.3133,100,94,265.99,4.98
49,Arraial do Cabo,BR,1619372994,-22.9661,-42.0278,0,65,302.15,4.12
50,Bathsheba,BB,1619372992,13.2167,-59.5167,20,48,303.15,10.29
51,Narsaq,GL,1619373006,60.9167,-46.05,75,30,284.15,8.75
52,Iqaluit,CA,1619372991,63.7506,-68.5145,75,80,274.15,1.54
53,Norman Wells,CA,1619372992,65.282,-126.8329,75,59,273.15,11.83
54,Saint Paul Harbor,US,1619372992,57.79,-152.4072,90,87,277.15,4.12
55,Mataura,NZ,1619372955,-46.1927,168.8643,52,84,278.71,2.68
56,Hobart,AU,1619372735,-42.8794,147.3294,40,62,287.15,6.17
57,Port Alfred,ZA,1619372977,-33.5906,26.891,98,71,294.62,6.88
58,Grindavik,IS,1619372976,63.8424,-22.4338,75,81,281.15,7.2
59,Cayenne,GF,1619372904,4.9333,-52.3333,75,74,302.15,6.69
60,Barrow,US,1619372954,71.2906,-156.7887,1,92,261.15,5.66
61,Emerald,AU,1619373241,-23.5333,148.1667,3,48,289.15,3.6
62,Saint-Philippe,RE,1619373034,-21.3585,55.7679,0,73,299.15,10.29
63,Dubove,UA,1619373241,48.1721,23.8895,75,87,282.15,7.2
64,Tall Kayf,TR,1619373242,37.0833,41.0667,40,25,296.66,4.79
65,Jyvaskyla,FI,1619373242,62.2415,25.7209,90,100,275.37,5.14
66,Hofn,IS,1619372838,64.2539,-15.2082,100,91,278.71,3.89
67,Esperance,AU,1619372833,-33.8667,121.9,1,63,290.15,7.2
68,Tura,IN,1619372998,25.5198,90.2201,4,32,298.56,2.01
69,Kumul,CN,1619372994,42.8,93.45,97,19,279.1,2.81
70,Nikolskoye,RU,1619372951,59.7035,30.7861,75,87,277.59,5.0
71,Mucuri,BR,1619373243,-18.0864,-39.5508,13,67,301.35,5.2
72,Carnarvon,AU,1619372974,-24.8667,113.6333,0,88,291.15,4.12
73,Treinta y Tres,UY,1619373244,-33.2333,-54.3833,29,57,292.28,5.7
74,Yellowknife,CA,1619372972,62.456,-114.3525,75,56,259.15,2.57
75,Srandakan,ID,1619373244,-7.9386,110.2506,98,84,297.64,2.05
76,Upernavik,GL,1619372967,72.7868,-56.1549,25,86,275.36,1.29
77,Ust-Tsilma,RU,1619373244,65.441,52.1498,100,82,279.46,3.3
78,Tasiilaq,GL,1619372868,65.6145,-37.6368,75,65,277.15,10.29
79,Neiafu,TO,1619373245,-18.65,-173.9833,40,100,294.15,1.99
80,Castro,BR,1619372842,-24.7911,-50.0119,100,61,294.0,3.79
81,Lüderitz,NA,1619373245,-26.6481,15.1594,83,92,289.86,0.62
82,Alofi,NU,1619373037,-19.0595,-169.9187,82,94,294.15,0.51
83,Augusto Corrêa,BR,1619373246,-1.0217,-46.635,93,77,301.42,2.27
84,Avarua,CK,1619372961,-21.2078,-159.775,75,83,299.15,5.14
85,Rocha,UY,1619372975,-34.4833,-54.3333,37,83,290.99,5.97
86,Punta Arenas,CL,1619372963,-53.15,-70.9167,75,47,288.15,10.29
87,Talnakh,RU,1619373043,69.4865,88.3972,74,96,254.52,0.92
88,São João da Barra,BR,1619372886,-21.6403,-41.0511,20,54,303.15,1.03
89,Vaini,TO,1619372987,-21.2,-175.2,75,94,297.15,3.09
90,Merauke,ID,1619373247,-8.4667,140.3333,66,85,297.57,2.88
91,Cidreira,BR,1619372912,-30.1811,-50.2056,87,72,294.68,6.98
92,Thompson,CA,1619372950,55.7435,-97.8558,90,44,274.15,4.63
93,Busselton,AU,1619372960,-33.65,115.3333,21,95,284.82,1.97
94,Katsuura,JP,1619373117,35.1333,140.3,75,54,286.15,7.72
95,Taylorville,US,1619373247,39.5489,-89.2945,54,59,287.59,0.45
96,Santa Isabel Rio Negro,BR,1619373248,-0.4139,-65.0192,80,79,302.49,1.8
97,Tuktoyaktuk,CA,1619372845,69.4541,-133.0374,90,85,261.15,4.63
98,Dikson,RU,1619372957,73.5069,80.5464,100,91,263.93,4.77
99,Cape Town,ZA,1619373067,-33.9258,18.4232,0,88,292.04,7.72
100,Benguela,AO,1619373248,-12.5763,13.4055,80,80,300.46,3.75
101,Albany,US,1619372852,42.6001,-73.9662,100,62,286.48,1.77
102,Kanye,BW,1619373066,-24.9667,25.3327,0,22,289.61,1.5
103,Batagay-Alyta,RU,1619373249,67.8006,130.4114,100,87,264.58,2.67
104,Luwuk,ID,1619372883,-0.9516,122.7875,98,82,297.53,1.78
105,Cuamba,MZ,1619373250,-14.8031,36.5372,62,93,293.15,1.49
106,Ushuaia,AR,1619372767,-54.8,-68.3,75,50,286.15,8.23
107,Ucluelet,CA,1619372997,48.9329,-125.5528,75,87,283.15,2.57
108,Øksfjord,NO,1619373250,70.2396,22.3479,90,86,275.15,4.12
109,Ribeira Grande,PT,1619372968,38.5167,-28.7,20,68,292.15,3.09
110,Bethel,US,1619372979,41.3712,-73.414,90,71,285.15,3.09
111,Leningradskiy,RU,1619372974,69.3833,178.4167,17,89,263.57,1.44
112,Zyryanka,RU,1619373251,65.75,150.85,5,94,254.92,3.32
113,Peniche,PT,1619373251,39.3558,-9.3811,45,89,290.93,0.89
114,Husavik,IS,1619372911,66.0449,-17.3389,90,100,277.15,7.72
115,Birobidzhan,RU,1619373251,48.8,132.95,21,33,275.82,2.7
116,Lima,PE,1619373051,-12.0432,-77.0282,75,94,293.15,5.14
117,Hazorasp,UZ,1619373252,41.3194,61.0742,0,26,292.15,4.12
118,Vao,NC,1619372959,-22.6667,167.4833,96,77,295.96,3.48
119,Buseresere,TZ,1619373252,-3.0236,31.8747,78,94,291.66,0.16
120,Severo-Kuril'sk,RU,1619372932,50.6789,156.125,100,97,272.86,5.0
121,Kjøllefjord,NO,1619373253,70.9457,27.3465,75,69,275.15,5.14
122,Lagoa,PT,1619373054,39.05,-27.9833,18,79,288.28,6.51
123,Kirakira,SB,1619372984,-10.4544,161.9205,95,84,299.37,1.81
124,Hervey Bay,AU,1619372995,-25.2986,152.8535,1,87,289.82,1.79
125,Sambava,MG,1619372968,-14.2667,50.1667,100,85,297.37,3.8
126,Kirando,TZ,1619373253,-7.4167,30.6,64,74,296.99,1.49
127,Maceió,BR,1619373036,-9.6658,-35.7353,40,58,303.15,3.6
128,Turka,UA,1619373042,49.1541,23.0297,100,55,280.37,2.09
129,Paita,PE,1619373006,-5.0892,-81.1144,0,61,300.15,6.17
130,Georgiyevka,KZ,1619373254,43.0369,74.7114,75,48,291.15,7.0
131,Hithadhoo,MV,1619372969,-0.6,73.0833,49,67,301.52,1.66
132,Hermanus,ZA,1619372965,-34.4187,19.2345,100,86,289.82,0.39
133,Oranjestad,AW,1619373117,12.524,-70.027,20,58,304.15,10.8
134,Sinjai,ID,1619373254,-5.1241,120.253,84,94,295.66,2.05
135,Sulangan,PH,1619373255,11.1373,123.7228,62,73,300.79,4.32
136,Gizo Government Station,SB,1619373255,-8.103,156.8419,13,73,301.07,0.86
137,San Ramon,US,1619373082,37.7799,-121.978,75,54,288.15,3.09
138,Kutum,SD,1619373256,14.2,24.6667,67,12,302.22,3.3
139,Khovd,MN,1619372881,48.0056,91.6419,52,29,271.86,1.29
140,Tsiroanomandidy,MG,1619373256,-18.7667,46.0333,97,86,292.8,1.22
141,Tessalit,ML,1619373256,20.1986,1.0114,0,5,309.95,3.3
142,Airai,TL,1619372694,-8.9266,125.4092,20,81,285.97,0.87
143,Emba,KZ,1619373257,48.8264,58.1442,100,85,284.32,3.38
144,Hong Kong,HK,1619372937,22.2855,114.1577,100,92,295.93,0.89
145,Whitehorse,CA,1619373110,60.7161,-135.0538,20,52,282.04,1.13
146,Sabang,ID,1619373258,5.8933,95.3214,88,76,301.02,5.21
147,Sampit,ID,1619372987,-2.5333,112.95,47,96,296.17,0.38
148,Chapais,CA,1619373258,49.7834,-74.8492,75,50,285.15,3.6
149,Binghamton,US,1619373258,42.0987,-75.918,90,71,286.48,1.54
150,Sarangani,PH,1619373259,5.4033,125.4636,10,78,301.13,5.94
151,Flinders,AU,1619373025,-34.5833,150.8552,53,84,284.26,0.45
152,Hasaki,JP,1619372911,35.7333,140.8333,20,49,282.15,6.69
153,Laas,IT,1619373100,46.6166,10.7002,0,35,296.15,3.09
154,Lebu,CL,1619372967,-37.6167,-73.65,0,75,288.89,5.86
155,Provideniya,RU,1619372676,64.3833,-173.3,91,92,274.17,0.92
156,Te Anau,NZ,1619373260,-45.4167,167.7167,85,95,278.71,3.13
157,Venice,US,1619373248,27.0998,-82.4543,1,83,302.04,5.66
158,Abū Zabad,SD,1619373260,12.35,29.25,100,23,306.28,3.53
159,Igarka,RU,1619373043,67.4667,86.5833,34,99,257.38,3.13
160,Mahon,ES,1619373261,39.8885,4.2658,0,77,289.15,7.2
161,Maïné Soroa,NE,1619373012,13.2114,12.0241,86,12,308.13,4.99
162,Broome,US,1619372985,42.2506,-75.833,90,71,286.48,1.54
163,Kenora,CA,1619372990,49.8167,-94.4337,75,28,279.15,5.14
164,Kasulu,TZ,1619373263,-4.5767,30.1025,20,83,297.15,2.57
165,Mackay,AU,1619373263,-21.15,149.2,90,78,295.15,4.63
166,Portland,US,1619372870,45.5234,-122.6762,90,71,285.93,1.54
167,Fenwick,GB,1619373264,53.6387,-1.0976,40,62,285.93,4.12
168,Cherskiy,RU,1619373027,68.75,161.3,99,97,255.56,2.0
169,San Andrés,CO,1619373264,12.5847,-81.7006,20,62,304.15,5.14
170,Popondetta,PG,1619373265,-8.7537,148.2534,100,96,295.36,1.35
171,Torbay,CA,1619372643,47.6666,-52.7314,20,37,284.82,10.8
172,Laguna,US,1619373054,38.421,-121.4238,90,62,288.71,3.09
173,Cabo San Lucas,MX,1619372761,22.8909,-109.9124,40,34,302.04,3.6
174,Shingū,JP,1619373265,33.7333,135.9833,0,65,280.18,4.55
175,Staryy Nadym,RU,1619372996,65.6118,72.6842,100,96,273.48,5.06
176,Ronneby,SE,1619373013,56.21,15.276,0,36,280.15,3.6
177,Monteagudo,BO,1619373266,-19.8167,-63.9833,75,56,294.15,2.57
178,Leh,IN,1619372995,34.1667,77.5833,2,29,274.79,1.73
179,Starobesheve,UA,1619373266,47.7504,38.0305,56,51,281.04,2.62
180,Lorengau,PG,1619372966,-2.0226,147.2712,100,79,299.8,2.57
181,Inírida,CO,1619373029,3.8653,-67.9239,100,91,299.88,0.88
182,Innisfail,AU,1619373267,-17.5333,146.0333,100,92,296.95,4.29
183,Kharan,PK,1619373267,28.5833,65.4167,0,10,302.9,2.05
184,Darasun,RU,1619373268,51.6667,114.0,100,81,278.15,4.0
185,Bozeman,US,1619373268,45.6796,-111.0386,90,81,280.93,1.77
186,Zhongshu,CN,1619373269,24.5167,103.7667,30,96,289.94,1.85
187,Kaitangata,NZ,1619373016,-46.2817,169.8464,53,77,275.37,0.89
188,Ponta do Sol,PT,1619372860,32.6667,-17.1,40,64,293.15,4.63
189,Lufilufi,WS,1619373269,-13.8745,-171.5986,20,94,296.15,1.54
190,Mahébourg,MU,1619372972,-20.4081,57.7,75,88,298.15,5.66
191,Vostok,RU,1619372989,46.4856,135.8833,6,55,268.28,2.14
192,Caniço,PT,1619373270,32.6333,-16.85,40,64,293.15,4.63
193,Udalguri,IN,1619373270,26.7667,92.1333,0,30,299.44,1.0
194,Guatire,VE,1619373271,10.4762,-66.5427,20,62,304.15,1.54
195,Ilulissat,GL,1619373042,69.2167,-51.1,20,40,284.15,9.77
196,Djambala,CG,1619373271,-2.5447,14.7533,60,81,295.58,1.12
197,Ruston,US,1619373271,32.5232,-92.6379,1,43,295.15,2.06
198,Kurayoshi,JP,1619373272,35.4333,133.8167,8,43,284.15,7.2
199,Hambantota,LK,1619373056,6.1241,81.1185,23,80,300.05,2.64
200,Guerrero Negro,MX,1619373058,27.9769,-114.0611,83,60,291.96,5.2
201,Sarakhs,IR,1619373272,36.5449,61.1577,0,19,300.15,4.12
202,Constitución,CL,1619372952,-35.3333,-72.4167,0,56,291.9,6.25
203,Barcelos,PT,1619373273,41.5388,-8.6151,20,68,292.59,2.57
204,Kharitonovo,RU,1619373273,61.4009,47.4978,100,90,278.24,3.0
205,Puerto Baquerizo Moreno,EC,1619373274,-0.9,-89.6,20,70,302.15,6.69
206,Bredasdorp,ZA,1619372956,-34.5322,20.0403,100,88,287.15,1.54
207,Río Gallegos,AR,1619372915,-51.6226,-69.2181,0,54,287.15,8.75
208,Tiksi,RU,1619372890,71.6872,128.8694,99,96,266.75,1.69
209,Goundam,ML,1619373092,16.4145,-3.6708,29,6,312.27,2.21
210,Huarmey,PE,1619373021,-10.0681,-78.1522,34,73,295.98,4.57
211,Hamilton,US,1619373068,39.1834,-84.5333,75,67,289.82,2.57
212,Mahibadhoo,MV,1619373140,3.7833,72.9667,8,75,301.62,3.29
213,Vila Franca do Campo,PT,1619372888,37.7167,-25.4333,40,67,290.15,6.17
214,Port Elizabeth,ZA,1619372986,-33.918,25.5701,0,77,290.15,3.13
215,Pitimbu,BR,1619373090,-7.4706,-34.8086,20,66,303.15,5.66
216,Kapaa,US,1619372964,22.0752,-159.319,75,78,296.48,5.14
217,Aklavik,CA,1619373034,68.2191,-135.0107,20,79,267.15,5.66
218,Saint-Augustin,CA,1619373275,51.226,-58.6502,70,43,281.43,5.54
219,Port Hardy,CA,1619372712,50.6996,-127.4199,90,87,282.15,2.06
220,Nador,MA,1619373090,35.174,-2.9287,75,94,290.15,1.54
221,Antonina,BR,1619373275,-25.4286,-48.7119,0,60,294.15,4.63
222,Shenjiamen,CN,1619373276,29.9576,122.298,73,80,288.51,2.41
223,Kahului,US,1619373036,20.8947,-156.47,20,73,296.15,5.14
224,Varkala,IN,1619373276,8.7341,76.7067,40,74,303.15,1.21
225,Boden,SE,1619373277,65.8252,21.6886,0,52,276.15,4.63
226,Tarauacá,BR,1619373277,-8.1614,-70.7656,43,72,302.53,1.43
227,Volnovakha,UA,1619373277,47.601,37.4967,64,100,282.59,1.34
228,Sitka,US,1619373013,57.0531,-135.33,1,53,283.15,2.57
229,Henties Bay,NA,1619373106,-22.116,14.2845,10,87,290.93,2.68
230,Arman',RU,1619373278,59.7,150.1667,26,79,260.58,3.96
231,Selma,US,1619373191,36.5708,-119.6121,90,55,289.82,2.06
232,Sabha,LY,1619373279,27.0377,14.4283,0,19,299.91,3.87
233,Sigli,ID,1619373279,5.3848,95.9609,99,83,299.32,1.54
234,Richmond Hill,CA,1619373178,43.8711,-79.4372,79,54,282.59,4.47
235,Hienghène,NC,1619373279,-20.6833,164.9333,99,89,295.33,2.31
236,Kayerkan,RU,1619373280,69.3497,87.7602,98,99,254.33,1.53
237,Boa Esperança,BR,1619373280,-21.09,-45.5658,72,38,299.67,2.1
238,Pindiga,NG,1619373281,9.9833,10.9333,64,41,302.62,3.74
239,Praia,CV,1619373281,14.9215,-23.5087,20,53,298.15,10.29
240,Mar del Plata,AR,1619372951,-38.0023,-57.5575,75,68,291.15,7.2
241,East London,ZA,1619373012,-33.0153,27.9116,0,83,293.15,4.12
242,Elko,US,1619373271,41.0002,-115.5012,90,75,280.37,1.54
243,Anaconda,US,1619373282,46.1285,-112.9423,40,75,279.15,2.57
244,Gostyń,PL,1619373282,51.8825,17.0123,73,49,280.93,0.89
245,Shestakovo,RU,1619373086,56.4915,103.96,60,96,268.74,1.78
246,Okato,NZ,1619373283,-39.2,173.8833,96,75,282.59,0.89
247,Berlevåg,NO,1619373101,70.8578,29.0864,40,59,273.15,4.12
248,Neuquén,AR,1619373283,-38.9516,-68.0591,0,45,293.15,3.09
249,Baykit,RU,1619373283,61.67,96.37,93,90,273.25,2.79
250,Mosetse,BW,1619373284,-20.75,26.65,0,21,294.89,2.08
251,Dunedin,NZ,1619373065,-45.8742,170.5036,76,47,280.93,0.89
252,Chuka,KE,1619373284,-0.3332,37.6459,77,84,290.84,1.86
253,Khāsh,IR,1619373285,28.2211,61.2158,84,28,296.55,2.71
254,Bikaner,IN,1619373285,28.0167,73.3,0,10,304.19,2.54
255,Vallenar,CL,1619372945,-28.5708,-70.7581,0,29,299.74,2.78
256,Esil,KZ,1619373286,51.9556,66.4042,72,66,284.74,4.73
257,Kolosovka,RU,1619373286,56.4678,73.611,100,50,280.79,6.36
258,Evensk,RU,1619372902,61.95,159.2333,100,95,267.11,3.3
259,Chennai,IN,1619373286,13.0878,80.2785,20,74,302.15,3.6
260,Jalu,LY,1619372951,29.0331,21.5482,0,42,295.52,7.08
261,Togur,RU,1619373021,58.3631,82.8265,100,99,274.05,1.67
262,Murray Bridge,AU,1619373287,-35.1167,139.2667,0,93,285.93,0.11
263,Den Helder,NL,1619373287,52.9599,4.7593,90,61,280.37,4.63
264,Roald,NO,1619373076,62.5833,6.1333,75,56,278.15,3.09
265,Senneterre,CA,1619373287,48.3835,-77.2328,90,93,272.15,6.69
266,Fairbanks,US,1619372856,64.8378,-147.7164,1,56,282.04,0.24
267,Lianran,CN,1619373288,24.9227,102.485,0,39,292.15,5.0
268,Quatre Cocos,MU,1619373005,-20.2078,57.7625,75,88,298.71,5.66
269,Banda Aceh,ID,1619373026,5.5577,95.3222,85,79,299.94,3.29
270,Cooma,AU,1619373288,-36.2333,149.1333,19,100,274.15,1.02
271,Waipawa,NZ,1619373289,-41.4122,175.5153,75,71,285.15,5.14
272,Vondrozo,MG,1619373289,-22.8167,47.2833,46,98,291.6,0.69
273,Pirgos,GR,1619373290,35.1167,25.7178,75,77,289.15,8.75
274,Praia da Vitória,PT,1619373030,38.7333,-27.0667,75,72,290.93,7.45
275,Caravelas,BR,1619373112,-17.7125,-39.2481,15,62,301.85,4.56
276,Aasiaat,GL,1619373290,68.7098,-52.8699,81,73,275.46,1.63
277,George Town,MY,1619372910,5.4112,100.3354,20,89,301.15,1.54
278,Panacan,PH,1619373291,9.2463,118.4082,46,81,299.17,2.1
279,Porto Murtinho,BR,1619372995,-21.6989,-57.8825,100,64,297.07,4.06
280,Naze,JP,1619373048,28.3667,129.4833,99,68,291.2,4.49
281,Sawtell,AU,1619373291,-30.3833,153.1,40,94,286.15,2.06
282,Kuah,MY,1619373292,6.3265,99.8432,20,94,300.15,0.51
283,Laï,TD,1619373292,9.3952,16.2989,33,30,307.93,2.83
284,Touho,NC,1619373292,-20.7833,165.2333,99,83,296.63,3.99
285,Mossamedes,AO,1619373062,-15.1961,12.1522,5,71,299.0,7.44
286,Boa Vista,BR,1619373246,2.8197,-60.6733,75,78,300.15,4.12
287,Āsosa,ET,1619373293,10.0667,34.5333,100,86,290.66,1.84
288,Sorong,ID,1619373106,-0.8833,131.25,70,88,298.71,5.06
289,Nuquí,CO,1619373294,5.7125,-77.2708,92,77,301.45,3.56
290,Itarema,BR,1619372920,-2.9248,-39.9167,84,68,302.17,5.92
291,Dingle,PH,1619373039,10.9995,122.6711,15,84,297.98,1.42
292,Geraldton,AU,1619373063,-28.7667,114.6,2,82,289.15,2.06
293,Olafsvik,IS,1619373294,64.8945,-23.7142,71,84,280.19,2.99
294,Sørland,NO,1619372862,67.667,12.6934,75,70,277.15,4.63
295,Tautira,PF,1619373295,-17.7333,-149.15,75,83,297.15,1.54
296,Bridlington,GB,1619373296,54.0831,-0.1919,39,71,281.48,1.34
297,Saldanha,ZA,1619373065,-33.0117,17.9442,99,88,289.15,2.06
298,Buala,SB,1619373096,-8.145,159.5921,53,82,299.45,0.56
299,Davila,PH,1619373296,18.4726,120.5763,2,78,297.65,6.7
300,Isangel,VU,1619372690,-19.55,169.2667,100,82,298.06,5.18
301,Port Augusta,AU,1619373010,-32.5,137.7667,0,88,286.15,2.06
302,Wawa,NG,1619373297,9.9022,4.4192,83,44,306.17,1.37
303,Rundu,NA,1619373297,-17.9333,19.7667,4,30,293.21,2.17
304,Khorinsk,RU,1619373297,52.1657,109.7726,100,98,274.84,2.52
305,Necochea,AR,1619373025,-38.5473,-58.7368,99,68,290.93,1.79
306,Makakilo City,US,1619372927,21.3469,-158.0858,1,73,296.15,2.57
307,Tomatlán,MX,1619373298,19.9333,-105.25,57,32,306.5,4.04
308,Kifrī,IQ,1619373298,34.6959,44.9661,23,15,303.72,2.04
309,Mitrovice,XK,1619373202,42.8833,20.8667,0,41,288.15,1.03
310,Saskylakh,RU,1619372770,71.9167,114.0833,100,95,263.87,4.01
311,State College,US,1619373299,40.7934,-77.86,75,62,287.04,5.14
312,Vestmanna,FO,1619372949,62.1564,-7.1664,100,93,281.15,5.14
313,Clyde River,CA,1619372876,70.4692,-68.5914,40,100,268.15,10.29
314,Gurupá,BR,1619373300,-1.405,-51.64,69,76,302.29,1.59
315,Riachão,BR,1619373300,-7.3619,-46.6172,98,70,300.75,2.2
316,Korla,CN,1619372995,41.7597,86.1469,22,24,284.43,2.59
317,Sibolga,ID,1619373301,1.7427,98.7792,63,84,298.0,1.45
318,Nishihara,JP,1619373064,26.1842,127.7558,20,88,293.15,2.06
319,Buluang,PH,1619373301,13.3068,123.3425,26,93,296.47,1.98
320,Lazurne,UA,1619373301,46.084,32.5295,77,78,282.59,1.44
321,Port Lincoln,AU,1619372929,-34.7333,135.8667,44,78,288.36,3.57
322,Springdale,US,1619373302,36.1867,-94.1288,1,43,294.82,4.63
323,Bay Roberts,CA,1619373302,47.5999,-53.2648,20,37,285.37,10.8
324,Wuwei,CN,1619373304,37.9281,102.6414,2,32,280.91,3.41
325,Ca Mau,VN,1619373305,9.1769,105.15,30,82,299.8,1.64
326,Kinsale,IE,1619373293,51.7075,-8.5306,0,50,285.93,5.66
327,Sinnamary,GF,1619372695,5.3833,-52.95,36,74,301.37,5.0
328,Portobelo,PA,1619373305,9.55,-79.65,20,55,307.59,1.54
329,Voh,NC,1619373232,-20.9667,164.7,100,91,295.51,2.3
330,Machinga,MW,1619373306,-15.1685,35.3,75,72,294.12,1.96
331,Vardø,NO,1619373087,70.3705,31.1107,40,64,274.15,7.2
332,Río Cuarto,AR,1619373306,-33.1307,-64.3499,0,42,292.59,3.09
333,Seoul,KR,1619372778,37.5683,126.9778,0,62,286.15,3.6
334,Sisimiut,GL,1619373307,66.9395,-53.6735,64,66,279.18,0.77
335,Chul'man,RU,1619373307,56.8479,124.9104,100,99,270.41,0.4
336,Kuandian,CN,1619373308,40.7286,124.7847,94,35,281.35,2.29
337,Mangan,IN,1619373308,27.5167,88.5333,60,64,291.62,3.25
338,Mikhaylovskoye,RU,1619373308,51.8239,79.7172,97,45,280.31,4.2
339,Virginia Beach,US,1619373296,36.8529,-75.978,90,67,289.82,8.23
340,Cabedelo,BR,1619373057,-6.9811,-34.8339,20,66,303.15,5.66
341,Teguise,ES,1619373309,29.0605,-13.564,20,50,297.15,9.26
342,Tonekābon,IR,1619373309,36.8163,50.8738,75,94,290.15,0.66
343,Dārāb,IR,1619373310,28.7519,54.5444,72,18,297.71,2.13
344,Sept-Îles,CA,1619372913,50.2001,-66.3821,20,49,281.48,7.2
345,Carutapera,BR,1619373310,-1.195,-46.02,84,75,301.57,3.0
346,Mettupalayam,IN,1619373310,11.3,76.95,40,74,301.15,4.12
347,Bartica,GY,1619373311,6.4,-58.6167,75,83,301.15,3.09
348,Bima,ID,1619373311,-8.4667,118.7167,46,93,296.61,1.69
349,Padang,ID,1619373311,-0.9492,100.3543,91,85,298.82,1.42
350,Kamenka,RU,1619373312,51.3223,42.7678,38,44,280.37,3.67
351,Gaziantep,TR,1619373312,37.0594,37.3825,100,27,298.15,2.8
352,Port Said,EG,1619373312,31.2565,32.2841,0,64,295.15,3.09
353,Tokmak,UA,1619373313,47.2514,35.7058,67,48,281.53,1.49
354,Kloulklubed,PW,1619373313,7.0419,134.2556,90,88,298.15,8.23
355,Madingou,CG,1619373313,-4.1536,13.55,43,84,298.8,0.69
356,Rumuruti,KE,1619373314,0.267,36.5389,94,82,290.26,3.45
357,Sansepolcro,IT,1619373314,43.5747,12.143,74,40,293.15,3.09
358,Tadine,NC,1619373127,-21.55,167.8833,100,87,295.47,3.17
359,Coyhaique,CL,1619372967,-45.5752,-72.0662,40,51,287.15,4.12
360,Iquitos,PE,1619372807,-3.7481,-73.2472,40,70,304.15,2.57
361,Atar,MR,1619373042,20.5169,-13.0499,0,11,307.97,6.53
362,Nantucket,US,1619373315,41.2835,-70.0995,90,100,281.15,7.72
363,Port Macquarie,AU,1619373260,-31.4333,152.9167,14,96,285.93,0.89
364,Concordia,AR,1619373315,-31.393,-58.0209,75,56,293.15,6.17
365,Vanavara,RU,1619372929,60.34,102.2797,100,95,272.97,3.0
366,Plouzané,FR,1619373316,48.3833,-4.6167,0,58,287.15,10.29
367,Pisco,PE,1619372980,-13.7,-76.2167,20,83,294.26,3.6
368,Udachny,RU,1619373038,66.4167,112.4,100,91,260.55,10.18
369,Esim,GH,1619373316,4.8699,-2.2405,100,80,300.53,2.87
370,Puerto Palomas,MX,1619373317,31.7667,-107.6167,1,9,299.15,7.72
371,Konotop,UA,1619373317,51.2403,33.2026,96,66,278.55,1.96
372,The Valley,AI,1619373317,18.217,-63.0578,75,65,304.15,7.72
373,Ahipara,NZ,1619372918,-35.1667,173.1667,90,79,287.71,2.98
374,Christchurch,NZ,1619373233,-43.5333,172.6333,85,100,281.48,2.57
375,Rawson,AR,1619373318,-43.3002,-65.1023,67,40,292.39,9.94
376,Alice Springs,AU,1619373083,-23.7,133.8833,0,57,283.15,2.57
377,Cërrik,AL,1619373318,41.0317,19.9758,0,62,287.15,1.54
378,Knin,HR,1619373319,44.0439,16.2,3,62,278.71,6.26
379,Srednekolymsk,RU,1619372913,67.45,153.6833,29,99,253.04,2.12
380,Ambon City,ID,1619373319,-3.6954,128.1814,65,89,299.82,3.21
381,Uthal,PK,1619373319,25.8072,66.6219,3,55,301.59,3.15
382,Mitú,CO,1619373204,1.1983,-70.1733,89,50,305.69,1.41
383,Awjilah,LY,1619373320,29.1081,21.2869,0,46,294.79,7.28
384,Champerico,GT,1619373062,14.3,-91.9167,20,70,304.15,3.09
385,Isiro,CD,1619373320,2.7739,27.616,100,99,292.63,1.08
386,Khorixas,NA,1619373320,-20.3667,14.9667,33,31,298.5,3.38
387,Vanimo,PG,1619373029,-2.6741,141.3028,100,85,297.1,1.8
388,Forsytheganj,BY,1619373187,52.6333,29.7333,65,67,274.71,2.55
389,Zhoucheng,CN,1619373321,35.9122,116.3117,85,54,286.33,0.31
390,Peleduy,RU,1619373321,59.6289,112.7406,100,98,274.47,4.38
391,Pa Daet,TH,1619373322,19.5049,99.9924,0,89,300.15,1.54
392,Vilyuysk,RU,1619373322,63.7553,121.6247,100,98,273.43,2.21
393,Manzhouli,CN,1619373084,49.6,117.4333,100,29,282.73,4.92
394,Semīrom,IR,1619373322,31.4167,51.5667,100,39,287.85,2.61
395,Gamba,GA,1619373084,-2.65,10.0,86,85,299.48,2.48
396,Ust-Nera,RU,1619373323,64.5667,143.2,72,98,255.22,1.32
397,Sistranda,NO,1619373323,63.7256,8.834,75,70,277.15,7.72
398,Bismarck,US,1619373324,46.8083,-100.7837,90,75,277.15,10.29
399,Van,TR,1619373324,38.4924,43.3831,75,51,289.15,1.03
400,Balikpapan,ID,1619373324,-1.2675,116.8289,96,83,297.87,0.64
401,Myitkyina,MM,1619373325,25.3833,97.4,23,33,297.83,0.73
402,Mocuba,MZ,1619373325,-16.8392,36.9856,55,94,295.1,2.12
403,Hitachi,JP,1619373326,36.6,140.65,40,42,280.15,4.63
404,Rodoč,BA,1619373326,43.3089,17.8069,0,30,293.15,3.09
405,Taltal,CL,1619373326,-25.4,-70.4833,21,75,291.75,2.28
406,Verkhnyaya Inta,RU,1619373327,65.9811,60.3094,99,88,277.74,6.36
407,Bilibino,RU,1619373327,68.0546,166.4372,100,96,263.98,0.63
408,Upington,ZA,1619373327,-28.4478,21.2561,0,19,298.15,1.54
409,Yerbogachën,RU,1619373328,61.2767,108.0108,100,97,274.1,3.17
410,Winterberg,DE,1619373328,51.2,8.5333,0,43,283.15,2.57
411,Teahupoo,PF,1619373001,-17.8333,-149.2667,75,83,297.15,1.54
412,Hobyo,SO,1619372967,5.3505,48.5268,72,63,302.37,5.57
413,Shaygino,RU,1619373329,57.7675,46.8618,93,96,274.28,5.74
414,Takapau,NZ,1619373329,-40.0333,176.35,78,80,284.26,4.02
415,São Filipe,CV,1619373015,14.8961,-24.4956,84,75,295.15,4.81
416,Vysokogornyy,RU,1619373330,50.1167,139.15,80,92,263.33,0.88
417,La Ronge,CA,1619372989,55.1001,-105.2842,100,38,276.15,5.66
418,Agüimes,ES,1619373330,27.9054,-15.4461,75,64,295.15,7.72
419,Dandong,CN,1619373330,40.1292,124.3947,89,34,284.22,2.12
420,Forrest City,US,1619373328,35.0081,-90.7898,20,59,292.15,1.39
421,Harar,ET,1619373331,9.3094,42.1258,100,80,290.64,1.09
422,Ostrovnoy,RU,1619372952,68.0531,39.5131,100,98,274.57,8.39
423,Klaksvík,FO,1619372912,62.2266,-6.589,100,93,281.15,5.14
424,San Patricio,US,1619372974,28.017,-97.5169,1,42,304.15,5.14
425,Esfarāyen,IR,1619373033,37.0765,57.5101,0,26,295.15,3.09
426,Honningsvåg,NO,1619372813,70.9821,25.9704,75,69,275.15,5.14
427,Kalevala,RU,1619373332,65.2,31.1667,100,92,275.52,5.8
428,Beloha,MG,1619373075,-25.1667,45.05,27,80,296.25,3.42
429,Barma,SL,1619373332,8.35,-11.3333,93,63,302.88,1.87
430,Lompoc,US,1619372906,34.6391,-120.4579,100,58,287.59,2.8
431,Vestmannaeyjar,IS,1619373333,63.4427,-20.2734,75,87,280.15,6.17
432,Mayya,RU,1619373333,61.7333,130.2811,40,86,273.15,1.0
433,Aquiraz,BR,1619373334,-3.9014,-38.3911,20,66,303.15,5.14
434,Barinas,VE,1619373334,8.6226,-70.2075,96,62,303.15,3.09
435,Hirara,JP,1619373334,24.8,125.2833,3,69,295.02,7.7
436,Ko Samui,TH,1619373335,9.5357,99.9357,75,71,302.17,5.03
437,Payo,ID,1619373335,-3.7508,103.6372,100,91,296.5,1.11
438,Bara,NG,1619373335,10.3744,10.7288,95,27,307.14,1.62
439,Bambous Virieux,MU,1619372998,-20.3428,57.7575,75,88,298.71,5.66
440,Ōdachō-ōda,JP,1619373336,35.1833,132.5,3,62,281.67,4.49
441,Vrangel',RU,1619373336,42.7297,133.0839,0,52,276.92,1.07
442,Lavrentiya,RU,1619372870,65.5833,-171.0,90,84,267.33,1.58
443,Terrace,CA,1619373337,54.5163,-128.6035,1,46,281.15,4.63
444,Chālūs,IR,1619373337,36.655,51.4204,40,88,290.15,2.06
445,Sioux Lookout,CA,1619373337,50.1001,-91.917,75,27,281.15,4.63
446,Nemuro,JP,1619373110,43.3236,145.575,27,65,273.22,8.4
447,Custoias,PT,1619373338,41.1053,-7.321,64,72,291.48,4.02
448,Mayo,US,1619373338,38.8876,-76.5119,90,63,290.93,4.12
449,Santo Amaro,BR,1619373339,-12.5467,-38.7119,20,65,302.15,4.63
450,Kisangani,CD,1619373339,0.5167,25.2,99,97,294.71,0.87
451,Aksarka,RU,1619373340,66.5606,67.7975,100,96,273.81,3.86
452,Granada,ES,1619373340,37.1882,-3.6067,20,68,291.15,2.57
453,Port Hedland,AU,1619373340,-20.3167,118.5667,0,88,293.15,3.6
454,Mateare,NI,1619373341,12.2351,-86.4281,20,52,306.15,6.17
455,Nokaneng,BW,1619373341,-19.6667,22.2667,7,29,295.14,1.71
456,Chota,PE,1619373342,-6.55,-78.65,40,46,295.15,1.54
457,Kanhangad,IN,1619373315,12.3081,75.1063,60,82,301.14,3.11
458,Bhainsdehi,IN,1619373342,21.6467,77.6325,90,14,301.72,2.2
459,Rāmshīr,IR,1619373343,30.8946,49.4092,0,37,305.15,3.09
460,Rock Sound,BS,1619373343,24.9,-76.2,50,76,299.42,4.43
461,San Policarpo,PH,1619373336,12.1791,125.5072,90,78,298.94,4.07
462,Coos Bay,US,1619373343,43.3665,-124.2179,90,71,284.26,5.66
463,Tilichiki,RU,1619373344,60.4667,166.1,99,95,268.92,2.17
464,Vila Velha,BR,1619372948,-20.3297,-40.2925,20,66,303.71,6.17
465,Buraidah,SA,1619373344,26.326,43.975,75,21,306.15,5.14
466,Baiyin,CN,1619373344,36.5583,104.2081,40,100,277.15,1.0
467,Tabalosos,PE,1619373345,-6.35,-76.6833,20,46,307.15,1.54
468,Maiduguri,NG,1619373345,11.8464,13.1603,62,19,308.32,1.9
469,Boli,CN,1619373346,45.7667,130.5167,2,37,276.33,1.73
470,Umluj,SA,1619373111,25.0213,37.2685,0,50,301.39,0.18
471,Urengoy,RU,1619373346,65.9667,78.3667,50,92,264.82,3.33
472,Pingliang,CN,1619373346,35.5392,106.6861,78,90,280.2,1.52
473,Koubia,GN,1619373347,11.5833,-11.9,28,13,308.45,3.4
474,Aktash,RU,1619373347,50.3,87.7333,21,85,258.27,1.36
475,Khvoynaya,RU,1619373235,58.9,34.5333,100,97,274.85,4.25
476,Sulphur,US,1619373347,30.2366,-93.3774,1,44,299.15,3.09
477,Hohhot,CN,1619373348,40.8106,111.6522,20,93,283.15,2.0
478,Wittmund,DE,1619373348,53.5667,7.7833,10,46,281.48,4.63
479,Zhalantun,CN,1619373348,48.0,122.7167,100,34,282.14,4.58
480,Ugoofaaru,MV,1619373349,5.6667,73.0,10,71,302.2,2.63
481,Mariental,NA,1619373349,-24.6333,17.9667,36,19,297.87,4.73
482,‘Āhuimanu,US,1619373350,21.4447,-157.8378,40,69,297.15,3.6
483,Lock Haven,US,1619373350,41.137,-77.4469,97,60,288.15,2.68
484,Takoradze,GH,1619373040,4.8845,-1.7554,94,79,300.97,3.89
485,Chokurdakh,RU,1619372982,70.6333,147.9167,100,94,265.67,6.32
486,Tommot,RU,1619373109,58.9564,126.2925,100,96,271.82,1.22
487,Eyl,SO,1619373351,7.9803,49.8164,12,73,301.69,4.66
488,Slave Lake,CA,1619373351,55.2834,-114.769,1,69,273.15,3.09
489,Muros,ES,1619373044,42.7762,-9.0603,100,80,290.37,1.34
490,Kanniyākumāri,IN,1619373351,8.0833,77.5667,6,78,301.6,4.63
491,Tefé,BR,1619373200,-3.3542,-64.7114,40,89,301.15,3.09
492,Viña del Mar,CL,1619373352,-33.0246,-71.5518,20,94,288.15,2.57
493,Sobolevo,RU,1619373352,54.4299,31.8996,76,73,273.94,3.2
494,Panabá,MX,1619373353,21.2833,-88.2667,49,30,308.8,2.67
495,Beamsville,CA,1619373353,43.1668,-79.4829,67,66,284.82,8.23
496,Pangnirtung,CA,1619372978,66.1451,-65.7125,90,80,273.15,2.06
497,Burnie,AU,1619373088,-41.0667,145.9167,73,82,284.26,2.68
498,Riyadh,SA,1619373099,24.6877,46.7219,0,15,305.15,1.54
499,Atasū,KZ,1619373354,48.6814,71.6433,17,62,281.86,3.66
500,Ambilobe,MG,1619373086,-13.2,49.05,88,82,295.65,1.18
501,Imeni Poliny Osipenko,RU,1619373354,52.4201,136.4853,29,51,270.48,2.04
502,Arlit,NE,1619373354,18.7369,7.3853,95,8,310.33,3.52
503,Sangar,RU,1619373355,63.9242,127.4739,100,95,270.36,5.19
504,Skjervøy,NO,1619373355,70.0311,20.9714,75,52,276.15,2.57
505,Rajapolah,ID,1619373355,-7.221,108.1896,92,98,294.42,0.16
506,Pauri,IN,1619373356,30.15,78.7833,0,34,289.42,2.27
507,Guiratinga,BR,1619373356,-16.3494,-53.7583,98,51,299.45,4.22
508,Nara,JP,1619373357,34.6851,135.8049,1,37,283.71,3.89
509,Bikin,RU,1619373357,46.8161,134.26,5,43,272.77,0.76
510,Yangi Marg`ilon,UZ,1619373358,40.4272,71.7189,33,36,291.15,1.03
511,Birjand,IR,1619373358,32.8663,59.2211,75,11,298.15,3.09
512,Bakel,SN,1619373358,14.905,-12.4568,24,9,314.21,5.61
513,Bilma,NE,1619373105,18.6853,12.9164,16,8,309.15,3.68
514,Pasni,PK,1619373359,25.2631,63.471,67,49,301.7,8.35
515,Mafinga,TZ,1619373359,-7.25,35.0667,86,81,293.57,2.41
516,Marsh Harbour,BS,1619372694,26.5412,-77.0636,3,65,300.43,7.07
517,Marawi,PH,1619373359,7.9986,124.2928,80,89,298.71,0.89
518,St Albans,GB,1619373360,51.75,-0.3333,75,58,284.82,6.69
519,Bavleny,RU,1619373360,56.4,39.56,100,75,274.87,6.76
520,Port Blair,IN,1619373302,11.6667,92.75,92,74,301.01,2.7
521,Aksu,CN,1619373361,41.1231,80.2644,25,26,289.0,3.6
522,Ancud,CL,1619372846,-41.8697,-73.8203,90,100,288.71,1.59
523,Badnāwar,IN,1619373361,23.0167,75.2167,90,10,303.6,3.0
524,Kontagora,NG,1619373361,10.3999,5.4695,77,42,305.6,0.49
525,Port-Gentil,GA,1619372962,-0.7193,8.7815,20,70,303.15,3.6
526,Gaomi,CN,1619373362,36.3833,119.7528,100,87,282.15,1.0
527,Yar-Sale,RU,1619373050,66.8333,70.8333,100,94,273.36,4.72
528,Mēga,ET,1619373362,4.05,38.3,82,88,288.91,2.46
529,Burley,US,1619373363,42.5357,-113.7928,75,61,282.15,3.6
530,Uray,RU,1619373363,60.1247,64.7758,100,48,281.72,6.0
531,San Miguel de Tucumán,AR,1619373364,-26.8241,-65.2226,40,60,295.15,2.57
532,Acaraú,BR,1619373364,-2.8856,-40.12,82,72,301.74,5.97
533,Salalah,OM,1619372989,17.0151,54.0924,75,70,302.15,3.6
534,Maryville,US,1619373234,35.7565,-83.9705,90,67,289.26,3.09
535,Severnyy,RU,1619373364,50.677,36.5532,0,46,281.15,2.0
536,Yumen,CN,1619372997,40.2833,97.2,91,13,277.68,7.13
537,Morón,AR,1619373327,-34.6534,-58.6198,21,68,292.59,1.34
538,Surok,RU,1619373365,56.4469,48.1214,75,60,278.15,11.0
539,Harper,LR,1619373366,4.375,-7.7169,100,74,301.41,3.63
540,Port Hueneme,US,1619373366,34.1478,-119.1951,40,67,290.37,1.54
541,Vad,RU,1619373366,55.5301,44.2114,100,63,277.36,8.09
542,Morondava,MG,1619373367,-20.2833,44.2833,70,75,299.52,5.01
543,Santa Marta,CO,1619373122,11.2408,-74.199,37,67,302.65,7.44
544,Orán,AR,1619373367,-23.1322,-64.326,56,68,297.04,1.05
545,Dunnville,CA,1619373368,42.9001,-79.6163,58,62,284.82,10.29
546,Deputatsky,RU,1619373032,69.3,139.9,100,93,263.69,2.61
547,Boddam,GB,1619373047,57.4667,-1.7833,0,49,283.71,6.69
548,Sechura,PE,1619372802,-5.5569,-80.8222,37,57,300.15,4.22
549,Mathbaria,BD,1619373368,22.2876,89.9593,12,68,300.87,3.43
550,Storozhevaya,RU,1619373369,43.8789,41.4514,99,94,280.58,0.53
551,Cumana,VE,1619373369,10.4635,-64.1775,95,62,303.15,10.29
552,Boende,CD,1619373071,-0.2167,20.8667,82,81,296.98,1.33
553,Hualmay,PE,1619373026,-11.0964,-77.6139,45,72,295.47,3.73
554,Kawalu,ID,1619373370,-7.3817,108.2082,80,96,294.99,0.68
555,Usinsk,RU,1619373370,65.9939,57.5281,100,84,277.62,3.96
556,Macaé,BR,1619373370,-22.3708,-41.7869,20,69,301.15,4.63
557,Mehamn,NO,1619373059,71.0357,27.8492,75,69,275.15,5.14
558,Turaif,SA,1619373077,31.6725,38.6637,0,23,301.15,4.12
559,Sūsangerd,IR,1619373371,31.5608,48.1831,76,23,303.15,1.03
560,Mahon,ES,1619373371,39.8885,4.2658,0,77,289.15,7.2
561,Netrakona,BD,1619373194,24.8833,90.7167,66,27,301.83,2.08
562,Palmer,US,1619372978,42.1584,-72.3287,90,76,285.15,3.09
563,Acapulco de Juárez,MX,1619373359,16.8634,-99.8901,90,54,303.15,4.12
564,Satipo,PE,1619373372,-11.2522,-74.6386,63,46,304.93,1.19
565,Narón,ES,1619373373,43.5167,-8.1528,75,100,287.15,2.06
566,Adrar,MR,1619373373,20.5022,-10.0711,5,11,309.0,3.93
567,Puerto Escondido,MX,1619373130,15.85,-97.0667,20,74,303.15,3.6
568,Pacific Grove,US,1619373360,36.6177,-121.9166,75,51,288.15,2.57
569,Panguna,PG,1619373373,-6.3164,155.4848,74,88,293.0,0.55
570,Brae,GB,1619373272,60.3964,-1.353,0,76,281.15,5.14
571,George,ZA,1619373118,-33.963,22.4617,0,94,289.15,2.57
572,Coahuayana Viejo,MX,1619373374,18.7333,-103.6833,98,36,305.66,3.43
573,Soure,BR,1619373374,-0.7167,-48.5233,96,74,301.44,4.31
574,Ust-Maya,RU,1619373375,60.4167,134.5333,99,98,270.0,1.07
575,Meadow Lake,US,1619373375,34.8014,-106.5436,20,15,299.26,4.63
576,Eydhafushi,MV,1619373375,5.1033,73.0708,22,73,301.76,2.26
577,Liku,ID,1619373376,-0.7275,119.8922,85,89,297.24,1.47
578,Bambanglipuro,ID,1619372996,-7.95,110.2833,93,84,297.56,2.05
579,Zhangaözen,KZ,1619373376,43.3,52.8,27,31,293.17,1.86
580,Asenovgrad,BG,1619373377,42.0167,24.8667,21,50,287.15,3.09
581,Bentiu,SS,1619373000,9.2333,29.8333,71,54,301.25,3.64
582,Trairi,BR,1619372980,-3.2778,-39.2689,85,68,301.78,4.33
583,Salina,US,1619373377,38.8403,-97.6114,1,49,296.48,9.77
